species	p	padj	cliff_delta	AD_median	AD_IQR	ctrl_median	ctrl_IQR
Haemophilus_parainfluenzae	0.00240959514055728	0.03293113358761616	-0.4666666666666667	8.076776944858958	2.4988180503545694	9.875636352714388	1.85748182971499
Kocuria_palustris	0.0034022074835520035	0.03487262670640803	-0.4512820512820513	7.087663478252949	2.2283517907251866	8.590296241344838	1.8100908892742744
Magnetospirillum_gryphiswaldense	5.327358224722947e-4	0.01092108436068204	-0.5282051282051282	7.059431557434875	1.6415333859106482	8.585207020454204	1.6299157712969201
Staphylococcus_hominis	2.47701512014177e-4	0.010155761992581258	-0.5564102564102564	7.642769311124493	1.9759407418918675	9.405919362587426	2.0392819762072474
